Index Pair	Pair Condition	Count	Matched Percent
unknown	Unknown	54692531	15.056578829263255
GTAGCGTA-GTAGCGTA	Matched	7540620	2.0758947771409426
GTAGCGTA-CGATCGAT	Hopped	152	4.1844835852413096e-05
GTAGCGTA-GATCAAGG	Hopped	193	5.313192973365611e-05
GTAGCGTA-AACAGCGA	Hopped	256	7.047551301459048e-05
GTAGCGTA-TAGCCATG	Hopped	220	6.0564893996913694e-05
GTAGCGTA-CGGTAATC	Hopped	116	3.193421683473631e-05
GTAGCGTA-CTCTGGAT	Hopped	658	0.0001811440920453146
GTAGCGTA-TACCGGAT	Hopped	1412	0.00038871650147110064
GTAGCGTA-CTAGCTCA	Hopped	607	0.00016710404843693914
GTAGCGTA-CACTTCAC	Hopped	86	2.367536765333899e-05
GTAGCGTA-GCTACTCT	Hopped	1396	0.00038431178190768874
GTAGCGTA-ACGATCAG	Hopped	689	0.00018967823619942515
GTAGCGTA-TATGGCAC	Hopped	268	7.377905268714942e-05
GTAGCGTA-TGTTCCGT	Hopped	387	0.00010653915444002546
GTAGCGTA-GTCCTAAG	Hopped	306	8.424026165025269e-05
GTAGCGTA-TCGACAAG	Hopped	89	2.4501252571478724e-05
GTAGCGTA-TCTTCGAC	Hopped	914	0.0002516196050599051
GTAGCGTA-ATCATGCG	Hopped	248	6.827315323288453e-05
GTAGCGTA-ATCGTGGT	Hopped	202	5.5609584488075305e-05
GTAGCGTA-TCGAGAGT	Hopped	597	0.0001643510987098067
GTAGCGTA-TCGGATTC	Hopped	114	3.1383626889309825e-05
GTAGCGTA-GATCTTGC	Hopped	111	3.055774197117009e-05
GTAGCGTA-AGAGTCCA	Hopped	380	0.00010461208963103275
GTAGCGTA-AGGATAGC	Hopped	223	6.139077891505342e-05
CGATCGAT-GTAGCGTA	Hopped	153	4.212013082512634e-05
CGATCGAT-CGATCGAT	Matched	5174374	1.4244791491381197
CGATCGAT-GATCAAGG	Hopped	136	3.7440116289001195e-05
CGATCGAT-AACAGCGA	Hopped	133	3.661423137086146e-05
CGATCGAT-TAGCCATG	Hopped	181	4.9828390061097176e-05
CGATCGAT-CGGTAATC	Hopped	174	4.7901325252104466e-05
CGATCGAT-CTCTGGAT	Hopped	1013	0.00027887380735851626
CGATCGAT-TACCGGAT	Hopped	1650	0.0004542367049768527
CGATCGAT-CTAGCTCA	Hopped	324	8.919557115909108e-05
CGATCGAT-CACTTCAC	Hopped	105	2.8905972134890628e-05
CGATCGAT-GCTACTCT	Hopped	157	4.322131071597932e-05
CGATCGAT-ACGATCAG	Hopped	223	6.139077891505342e-05
CGATCGAT-TATGGCAC	Hopped	160	4.404719563411905e-05
CGATCGAT-TGTTCCGT	Hopped	384	0.00010571326952188572
CGATCGAT-GTCCTAAG	Hopped	177	4.87272101702442e-05
CGATCGAT-TCGACAAG	Hopped	92	2.5327137489618455e-05
CGATCGAT-TCTTCGAC	Hopped	903	0.0002485913603600594
CGATCGAT-ATCATGCG	Hopped	154	4.239542579783959e-05
CGATCGAT-ATCGTGGT	Hopped	128	3.523775650729524e-05
CGATCGAT-TCGAGAGT	Hopped	232	6.386843366947263e-05
CGATCGAT-TCGGATTC	Hopped	92	2.5327137489618455e-05
CGATCGAT-GATCTTGC	Hopped	101	2.7804792244037653e-05
CGATCGAT-AGAGTCCA	Hopped	216	5.946371410606072e-05
CGATCGAT-AGGATAGC	Hopped	257	7.075080798730373e-05
GATCAAGG-GTAGCGTA	Hopped	211	5.8087239242494496e-05
GATCAAGG-CGATCGAT	Hopped	160	4.404719563411905e-05
GATCAAGG-GATCAAGG	Matched	6027807	1.6594249635857017
GATCAAGG-AACAGCGA	Hopped	150	4.129424590698661e-05
GATCAAGG-TAGCCATG	Hopped	277	7.62567074415686e-05
GATCAAGG-CGGTAATC	Hopped	89	2.4501252571478724e-05
GATCAAGG-CTCTGGAT	Hopped	540	0.0001486592852651518
GATCAAGG-TACCGGAT	Hopped	1179	0.00032457277282891476
GATCAAGG-CTAGCTCA	Hopped	231	6.359313869675939e-05
GATCAAGG-CACTTCAC	Hopped	75	2.0647122953493304e-05
GATCAAGG-GCTACTCT	Hopped	186	5.12048649246634e-05
GATCAAGG-ACGATCAG	Hopped	457	0.00012580980252995254
GATCAAGG-TATGGCAC	Hopped	190	5.230604481551637e-05
GATCAAGG-TGTTCCGT	Hopped	264	7.267787279629644e-05
GATCAAGG-GTCCTAAG	Hopped	321	8.836968624095135e-05
GATCAAGG-TCGACAAG	Hopped	110	3.0282446998456847e-05
GATCAAGG-TCTTCGAC	Hopped	16451	0.004528877596105578
GATCAAGG-ATCATGCG	Hopped	226	6.221666383319316e-05
GATCAAGG-ATCGTGGT	Hopped	333	9.167322591351027e-05
GATCAAGG-TCGAGAGT	Hopped	202	5.5609584488075305e-05
GATCAAGG-TCGGATTC	Hopped	83	2.2849482735199258e-05
GATCAAGG-GATCTTGC	Hopped	162	4.459778557954554e-05
GATCAAGG-AGAGTCCA	Hopped	209	5.753664929706801e-05
GATCAAGG-AGGATAGC	Hopped	182	5.010368503381042e-05
AACAGCGA-GTAGCGTA	Hopped	381	0.00010488738460374599
AACAGCGA-CGATCGAT	Hopped	262	7.212728285086995e-05
AACAGCGA-GATCAAGG	Hopped	257	7.075080798730373e-05
AACAGCGA-AACAGCGA	Matched	8350571	2.298870215585007
AACAGCGA-TAGCCATG	Hopped	277	7.62567074415686e-05
AACAGCGA-CGGTAATC	Hopped	133	3.661423137086146e-05
AACAGCGA-CTCTGGAT	Hopped	938	0.00025822668440502296
AACAGCGA-TACCGGAT	Hopped	1823	0.000501862735256244
AACAGCGA-CTAGCTCA	Hopped	482	0.00013269217684778363
AACAGCGA-CACTTCAC	Hopped	136	3.7440116289001195e-05
AACAGCGA-GCTACTCT	Hopped	182	5.010368503381042e-05
AACAGCGA-ACGATCAG	Hopped	407	0.00011204505389429033
AACAGCGA-TATGGCAC	Hopped	344	9.470147061335596e-05
AACAGCGA-TGTTCCGT	Hopped	429	0.0001181015432939817
AACAGCGA-GTCCTAAG	Hopped	265	7.295316776900968e-05
AACAGCGA-TCGACAAG	Hopped	100	2.7529497271324406e-05
AACAGCGA-TCTTCGAC	Hopped	1712	0.00047130499328507385
AACAGCGA-ATCATGCG	Hopped	497	0.0001368216014384823
AACAGCGA-ATCGTGGT	Hopped	313	8.61673264592454e-05
AACAGCGA-TCGAGAGT	Hopped	320	8.80943912682381e-05
AACAGCGA-TCGGATTC	Hopped	308	8.479085159567918e-05
AACAGCGA-GATCTTGC	Hopped	524	0.0001442545657017399
AACAGCGA-AGAGTCCA	Hopped	429	0.0001181015432939817
AACAGCGA-AGGATAGC	Hopped	389	0.00010708974438545194
TAGCCATG-GTAGCGTA	Hopped	223	6.139077891505342e-05
TAGCCATG-CGATCGAT	Hopped	128	3.523775650729524e-05
TAGCCATG-GATCAAGG	Hopped	277	7.62567074415686e-05
TAGCCATG-AACAGCGA	Hopped	195	5.3682519679082596e-05
TAGCCATG-TAGCCATG	Matched	9923332	2.7318434121644617
TAGCCATG-CGGTAATC	Hopped	134	3.688952634357471e-05
TAGCCATG-CTCTGGAT	Hopped	787	0.0002166571435253231
TAGCCATG-TACCGGAT	Hopped	2006	0.0005522417152627676
TAGCCATG-CTAGCTCA	Hopped	498	0.00013709689641119556
TAGCCATG-CACTTCAC	Hopped	214	5.891312416063423e-05
TAGCCATG-GCTACTCT	Hopped	168	4.6249555415825e-05
TAGCCATG-ACGATCAG	Hopped	320	8.80943912682381e-05
TAGCCATG-TATGGCAC	Hopped	351	9.662853542234867e-05
TAGCCATG-TGTTCCGT	Hopped	425	0.00011700036340312873
TAGCCATG-GTCCTAAG	Hopped	334	9.194852088622353e-05
TAGCCATG-TCGACAAG	Hopped	157	4.322131071597932e-05
TAGCCATG-TCTTCGAC	Hopped	1084	0.00029841975042115655
TAGCCATG-ATCATGCG	Hopped	331	9.112263596808379e-05
TAGCCATG-ATCGTGGT	Hopped	155	4.267072077055283e-05
TAGCCATG-TCGAGAGT	Hopped	286	7.873436219598781e-05
TAGCCATG-TCGGATTC	Hopped	152	4.1844835852413096e-05
TAGCCATG-GATCTTGC	Hopped	125	3.441187158915551e-05
TAGCCATG-AGAGTCCA	Hopped	302	8.313908175939971e-05
TAGCCATG-AGGATAGC	Hopped	243	6.689667836931831e-05
CGGTAATC-GTAGCGTA	Hopped	104	2.8630677162177384e-05
CGGTAATC-CGATCGAT	Hopped	149	4.101895093427337e-05
CGGTAATC-GATCAAGG	Hopped	129	3.5513051480008485e-05
CGGTAATC-AACAGCGA	Hopped	106	2.918126710760387e-05
CGGTAATC-TAGCCATG	Hopped	251	6.909903815102426e-05
CGGTAATC-CGGTAATC	Matched	4624936	1.2732216299205001
CGGTAATC-CTCTGGAT	Hopped	485	0.00013351806176592338
CGGTAATC-TACCGGAT	Hopped	6471	0.0017814337684274025
CGGTAATC-CTAGCTCA	Hopped	236	6.49696135603256e-05
CGGTAATC-CACTTCAC	Hopped	165	4.542367049768527e-05
CGGTAATC-GCTACTCT	Hopped	103	2.835538218946414e-05
CGGTAATC-ACGATCAG	Hopped	129	3.5513051480008485e-05
CGGTAATC-TATGGCAC	Hopped	194	5.340722470636935e-05
CGGTAATC-TGTTCCGT	Hopped	184	5.065427497923691e-05
CGGTAATC-GTCCTAAG	Hopped	93	2.56024324623317e-05
CGGTAATC-TCGACAAG	Hopped	57	1.5691813444654913e-05
CGGTAATC-TCTTCGAC	Hopped	913	0.00025134431008719184
CGGTAATC-ATCATGCG	Hopped	122	3.3585986671015776e-05
CGGTAATC-ATCGTGGT	Hopped	305	8.396496667753945e-05
CGGTAATC-TCGAGAGT	Hopped	138	3.799070623442768e-05
CGGTAATC-TCGGATTC	Hopped	111	3.055774197117009e-05
CGGTAATC-GATCTTGC	Hopped	91	2.505184251690521e-05
CGGTAATC-AGAGTCCA	Hopped	136	3.7440116289001195e-05
CGGTAATC-AGGATAGC	Hopped	231	6.359313869675939e-05
CTCTGGAT-GTAGCGTA	Hopped	848	0.00023345013686083097
CTCTGGAT-CGATCGAT	Hopped	1712	0.00047130499328507385
CTCTGGAT-GATCAAGG	Hopped	636	0.00017508760264562322
CTCTGGAT-AACAGCGA	Hopped	766	0.00021087594909834496
CTCTGGAT-TAGCCATG	Hopped	954	0.00026263140396843486
CTCTGGAT-CGGTAATC	Hopped	696	0.00019160530100841786
CTCTGGAT-CTCTGGAT	Matched	32624150	8.981264484042782
CTCTGGAT-TACCGGAT	Hopped	11070	0.003047515347935612
CTCTGGAT-CTAGCTCA	Hopped	2402	0.0006612585244572122
CTCTGGAT-CACTTCAC	Hopped	551	0.0001516875299649975
CTCTGGAT-GCTACTCT	Hopped	2143	0.0005899571265244821
CTCTGGAT-ACGATCAG	Hopped	1017	0.0002799749872493692
CTCTGGAT-TATGGCAC	Hopped	1298	0.0003573328745817908
CTCTGGAT-TGTTCCGT	Hopped	1942	0.00053462283700912
CTCTGGAT-GTCCTAAG	Hopped	953	0.0002623561089957216
CTCTGGAT-TCGACAAG	Hopped	447	0.0001230568528028201
CTCTGGAT-TCTTCGAC	Hopped	4612	0.0012696604141534816
CTCTGGAT-ATCATGCG	Hopped	916	0.00025217019500533156
CTCTGGAT-ATCGTGGT	Hopped	869	0.0002392313312878091
CTCTGGAT-TCGAGAGT	Hopped	1810	0.0004982839006109717
CTCTGGAT-TCGGATTC	Hopped	614	0.00016903111324593185
CTCTGGAT-GATCTTGC	Hopped	467	0.00012856275225708497
CTCTGGAT-AGAGTCCA	Hopped	1591	0.0004379943015867713
CTCTGGAT-AGGATAGC	Hopped	856	0.00023565249664253692
TACCGGAT-GTAGCGTA	Hopped	1495	0.00041156598420629987
TACCGGAT-CGATCGAT	Hopped	1618	0.0004454272658500289
TACCGGAT-GATCAAGG	Hopped	1513	0.0004165212937151383
TACCGGAT-AACAGCGA	Hopped	1612	0.00044377549601374943
TACCGGAT-TAGCCATG	Hopped	3136	0.0008633250344287334
TACCGGAT-CGGTAATC	Hopped	2366	0.0006513479054395355
TACCGGAT-CTCTGGAT	Hopped	15385	0.00423541315519326
TACCGGAT-TACCGGAT	Matched	72582728	19.981660124212816
TACCGGAT-CTAGCTCA	Hopped	3457	0.0009516947206696847
TACCGGAT-CACTTCAC	Hopped	1122	0.00030888095938425984
TACCGGAT-GCTACTCT	Hopped	1379	0.00037963176737156355
TACCGGAT-ACGATCAG	Hopped	2018	0.0005555452549353265
TACCGGAT-TATGGCAC	Hopped	3259	0.0008971863160724624
TACCGGAT-TGTTCCGT	Hopped	4107	0.0011306364529332935
TACCGGAT-GTCCTAAG	Hopped	2081	0.000572888838216261
TACCGGAT-TCGACAAG	Hopped	875	0.00024088310112408857
TACCGGAT-TCTTCGAC	Hopped	9922	0.0027314767192608076
TACCGGAT-ATCATGCG	Hopped	1818	0.0005004862603926778
TACCGGAT-ATCGTGGT	Hopped	2296	0.0006320772573496084
TACCGGAT-TCGAGAGT	Hopped	3453	0.0009505935407788318
TACCGGAT-TCGGATTC	Hopped	1255	0.0003454951907551213
TACCGGAT-GATCTTGC	Hopped	949	0.0002612549291048686
TACCGGAT-AGAGTCCA	Hopped	2018	0.0005555452549353265
TACCGGAT-AGGATAGC	Hopped	1876	0.0005164533688100459
CTAGCTCA-GTAGCGTA	Hopped	913	0.00025134431008719184
CTAGCTCA-CGATCGAT	Hopped	433	0.00011920272318483468
CTAGCTCA-GATCAAGG	Hopped	354	9.74544203404884e-05
CTAGCTCA-AACAGCGA	Hopped	456	0.0001255345075572393
CTAGCTCA-TAGCCATG	Hopped	647	0.00017811584734546892
CTAGCTCA-CGGTAATC	Hopped	331	9.112263596808379e-05
CTAGCTCA-CTCTGGAT	Hopped	3083	0.0008487344008749314
CTAGCTCA-TACCGGAT	Hopped	3451	0.0009500429508334053
CTAGCTCA-CTAGCTCA	Matched	15984355	4.400412573563806
CTAGCTCA-CACTTCAC	Hopped	263	7.240257782358319e-05
CTAGCTCA-GCTACTCT	Hopped	1520	0.000418448358524131
CTAGCTCA-ACGATCAG	Hopped	620	0.00017068288308221132
CTAGCTCA-TATGGCAC	Hopped	665	0.0001830711568543073
CTAGCTCA-TGTTCCGT	Hopped	736	0.00020261709991694764
CTAGCTCA-GTCCTAAG	Hopped	514	0.00014150161597460746
CTAGCTCA-TCGACAAG	Hopped	13533	0.003725566865728332
CTAGCTCA-TCTTCGAC	Hopped	1953	0.0005376510817089656
CTAGCTCA-ATCATGCG	Hopped	1555	0.0004280836825690945
CTAGCTCA-ATCGTGGT	Hopped	351	9.662853542234867e-05
CTAGCTCA-TCGAGAGT	Hopped	849	0.0002337254318335442
CTAGCTCA-TCGGATTC	Hopped	312	8.589203148653216e-05
CTAGCTCA-GATCTTGC	Hopped	270	7.43296426325759e-05
CTAGCTCA-AGAGTCCA	Hopped	846	0.0002328995469154045
CTAGCTCA-AGGATAGC	Hopped	485	0.00013351806176592338
CACTTCAC-GTAGCGTA	Hopped	96	2.642831738047143e-05
CACTTCAC-CGATCGAT	Hopped	136	3.7440116289001195e-05
CACTTCAC-GATCAAGG	Hopped	90	2.4776547544191968e-05
CACTTCAC-AACAGCGA	Hopped	89	2.4501252571478724e-05
CACTTCAC-TAGCCATG	Hopped	2875	0.0007914730465505767
CACTTCAC-CGGTAATC	Hopped	184	5.065427497923691e-05
CACTTCAC-CTCTGGAT	Hopped	504	0.000138748666247475
CACTTCAC-TACCGGAT	Hopped	797	0.00021941009325245552
CACTTCAC-CTAGCTCA	Hopped	275	7.570611749614213e-05
CACTTCAC-CACTTCAC	Matched	3835591	1.0559189196841645
CACTTCAC-GCTACTCT	Hopped	79	2.1748302844346283e-05
CACTTCAC-ACGATCAG	Hopped	303	8.341437673211295e-05
CACTTCAC-TATGGCAC	Hopped	260	7.157669290544345e-05
CACTTCAC-TGTTCCGT	Hopped	199	5.478369956993557e-05
CACTTCAC-GTCCTAAG	Hopped	91	2.505184251690521e-05
CACTTCAC-TCGACAAG	Hopped	57	1.5691813444654913e-05
CACTTCAC-TCTTCGAC	Hopped	716	0.00019711120046268275
CACTTCAC-ATCATGCG	Hopped	106	2.918126710760387e-05
CACTTCAC-ATCGTGGT	Hopped	78	2.147300787163304e-05
CACTTCAC-TCGAGAGT	Hopped	115	3.1658921862023066e-05
CACTTCAC-TCGGATTC	Hopped	111	3.055774197117009e-05
CACTTCAC-GATCTTGC	Hopped	78	2.147300787163304e-05
CACTTCAC-AGAGTCCA	Hopped	127	3.4962461534582e-05
CACTTCAC-AGGATAGC	Hopped	171	4.707544033396474e-05
GCTACTCT-GTAGCGTA	Hopped	529	0.00014563104056530612
GCTACTCT-CGATCGAT	Hopped	155	4.267072077055283e-05
GCTACTCT-GATCAAGG	Hopped	157	4.322131071597932e-05
GCTACTCT-AACAGCGA	Hopped	199	5.478369956993557e-05
GCTACTCT-TAGCCATG	Hopped	207	5.698605935164152e-05
GCTACTCT-CGGTAATC	Hopped	123	3.386128164372902e-05
GCTACTCT-CTCTGGAT	Hopped	826	0.0002273936474611396
GCTACTCT-TACCGGAT	Hopped	1352	0.000372198803108306
GCTACTCT-CTAGCTCA	Hopped	474	0.00013048981706607768
GCTACTCT-CACTTCAC	Hopped	73	2.0096533008066817e-05
GCTACTCT-GCTACTCT	Matched	6608304	1.8192328693608217
GCTACTCT-ACGATCAG	Hopped	279	7.68072973869951e-05
GCTACTCT-TATGGCAC	Hopped	231	6.359313869675939e-05
GCTACTCT-TGTTCCGT	Hopped	435	0.00011975331313026117
GCTACTCT-GTCCTAAG	Hopped	238	6.55202035057521e-05
GCTACTCT-TCGACAAG	Hopped	70	1.9270648089927085e-05
GCTACTCT-TCTTCGAC	Hopped	771	0.0002122524239619112
GCTACTCT-ATCATGCG	Hopped	228	6.276725377861965e-05
GCTACTCT-ATCGTGGT	Hopped	159	4.3771900661405806e-05
GCTACTCT-TCGAGAGT	Hopped	305	8.396496667753945e-05
GCTACTCT-TCGGATTC	Hopped	97	2.6703612353184674e-05
GCTACTCT-GATCTTGC	Hopped	118	3.24848067801628e-05
GCTACTCT-AGAGTCCA	Hopped	347	9.552735553149569e-05
GCTACTCT-AGGATAGC	Hopped	190	5.230604481551637e-05
ACGATCAG-GTAGCGTA	Hopped	231	6.359313869675939e-05
ACGATCAG-CGATCGAT	Hopped	297	8.17626068958335e-05
ACGATCAG-GATCAAGG	Hopped	267	7.350375771443616e-05
ACGATCAG-AACAGCGA	Hopped	224	6.166607388776668e-05
ACGATCAG-TAGCCATG	Hopped	405	0.00011149446394886385
ACGATCAG-CGGTAATC	Hopped	163	4.487308055225878e-05
ACGATCAG-CTCTGGAT	Hopped	779	0.00021445478374361714
ACGATCAG-TACCGGAT	Hopped	1755	0.00048314267711174335
ACGATCAG-CTAGCTCA	Hopped	455	0.00012525921258452606
ACGATCAG-CACTTCAC	Hopped	148	4.074365596156012e-05
ACGATCAG-GCTACTCT	Hopped	247	6.799785826017129e-05
ACGATCAG-ACGATCAG	Matched	7294927	2.0082567294101072
ACGATCAG-TATGGCAC	Hopped	334	9.194852088622353e-05
ACGATCAG-TGTTCCGT	Hopped	425	0.00011700036340312873
ACGATCAG-GTCCTAAG	Hopped	382	0.00010516267957645924
ACGATCAG-TCGACAAG	Hopped	265	7.295316776900968e-05
ACGATCAG-TCTTCGAC	Hopped	1003	0.0002761208576313838
ACGATCAG-ATCATGCG	Hopped	324	8.919557115909108e-05
ACGATCAG-ATCGTGGT	Hopped	176	4.8451915197530953e-05
ACGATCAG-TCGAGAGT	Hopped	376	0.00010351090974017977
ACGATCAG-TCGGATTC	Hopped	129	3.5513051480008485e-05
ACGATCAG-GATCTTGC	Hopped	129	3.5513051480008485e-05
ACGATCAG-AGAGTCCA	Hopped	367	0.00010103325498576058
ACGATCAG-AGGATAGC	Hopped	307	8.451555662296593e-05
TATGGCAC-GTAGCGTA	Hopped	278	7.653200241428185e-05
TATGGCAC-CGATCGAT	Hopped	217	5.9739009078773966e-05
TATGGCAC-GATCAAGG	Hopped	265	7.295316776900968e-05
TATGGCAC-AACAGCGA	Hopped	566	0.00015581695455569615
TATGGCAC-TAGCCATG	Hopped	461	0.0001269109824208055
TATGGCAC-CGGTAATC	Hopped	285	7.845906722327456e-05
TATGGCAC-CTCTGGAT	Hopped	1252	0.0003446693058369816
TATGGCAC-TACCGGAT	Hopped	3733	0.00102767613313854
TATGGCAC-CTAGCTCA	Hopped	628	0.00017288524286391727
TATGGCAC-CACTTCAC	Hopped	383	0.00010543797454917248
TATGGCAC-GCTACTCT	Hopped	254	6.9924923069164e-05
TATGGCAC-ACGATCAG	Hopped	439	0.00012085449302111415
TATGGCAC-TATGGCAC	Matched	10459569	2.8794667624472936
TATGGCAC-TGTTCCGT	Hopped	82329	0.022664759808508673
TATGGCAC-GTCCTAAG	Hopped	642	0.0001767393724819027
TATGGCAC-TCGACAAG	Hopped	220	6.0564893996913694e-05
TATGGCAC-TCTTCGAC	Hopped	3522	0.0009695888938960456
TATGGCAC-ATCATGCG	Hopped	367	0.00010103325498576058
TATGGCAC-ATCGTGGT	Hopped	239	6.579549847846534e-05
TATGGCAC-TCGAGAGT	Hopped	739	0.00020344298483508736
TATGGCAC-TCGGATTC	Hopped	841	0.00023152307205183826
TATGGCAC-GATCTTGC	Hopped	301	8.286378678668647e-05
TATGGCAC-AGAGTCCA	Hopped	379	0.0001043367946583195
TATGGCAC-AGGATAGC	Hopped	543	0.00014948517018329154
TGTTCCGT-GTAGCGTA	Hopped	414	0.00011397211870328304
TGTTCCGT-CGATCGAT	Hopped	410	0.00011287093881243007
TGTTCCGT-GATCAAGG	Hopped	279	7.68072973869951e-05
TGTTCCGT-AACAGCGA	Hopped	667	0.00018362174679973378
TGTTCCGT-TAGCCATG	Hopped	458	0.00012608509750266578
TGTTCCGT-CGGTAATC	Hopped	208	5.726135432435477e-05
TGTTCCGT-CTCTGGAT	Hopped	1475	0.000406060084752035
TGTTCCGT-TACCGGAT	Hopped	3595	0.0009896854269041125
TGTTCCGT-CTAGCTCA	Hopped	774	0.0002130783088800509
TGTTCCGT-CACTTCAC	Hopped	216	5.946371410606072e-05
TGTTCCGT-GCTACTCT	Hopped	365	0.00010048266504033409
TGTTCCGT-ACGATCAG	Hopped	427	0.00011755095334855522
TGTTCCGT-TATGGCAC	Hopped	78536	0.021620565977007337
TGTTCCGT-TGTTCCGT	Matched	14409785	3.9669413683787136
TGTTCCGT-GTCCTAAG	Hopped	340	9.360029072250298e-05
TGTTCCGT-TCGACAAG	Hopped	179	4.927780011567069e-05
TGTTCCGT-TCTTCGAC	Hopped	1948	0.0005362746068453994
TGTTCCGT-ATCATGCG	Hopped	550	0.00015141223499228425
TGTTCCGT-ATCGTGGT	Hopped	367	0.00010103325498576058
TGTTCCGT-TCGAGAGT	Hopped	738	0.00020316768986237412
TGTTCCGT-TCGGATTC	Hopped	756	0.0002081229993712125
TGTTCCGT-GATCTTGC	Hopped	260	7.157669290544345e-05
TGTTCCGT-AGAGTCCA	Hopped	623	0.00017150876800035104
TGTTCCGT-AGGATAGC	Hopped	434	0.00011947801815754793
GTCCTAAG-GTAGCGTA	Hopped	283	7.790847727784808e-05
GTCCTAAG-CGATCGAT	Hopped	192	5.285663476094286e-05
GTCCTAAG-GATCAAGG	Hopped	326	8.974616110451756e-05
GTCCTAAG-AACAGCGA	Hopped	366	0.00010075796001304733
GTCCTAAG-TAGCCATG	Hopped	330	9.084734099537054e-05
GTCCTAAG-CGGTAATC	Hopped	111	3.055774197117009e-05
GTCCTAAG-CTCTGGAT	Hopped	783	0.0002155559636344701
GTCCTAAG-TACCGGAT	Hopped	1772	0.0004878226916478685
GTCCTAAG-CTAGCTCA	Hopped	407	0.00011204505389429033
GTCCTAAG-CACTTCAC	Hopped	100	2.7529497271324406e-05
GTCCTAAG-GCTACTCT	Hopped	211	5.8087239242494496e-05
GTCCTAAG-ACGATCAG	Hopped	312	8.589203148653216e-05
GTCCTAAG-TATGGCAC	Hopped	6334	0.0017437183571656879
GTCCTAAG-TGTTCCGT	Hopped	735	0.0002023418049442344
GTCCTAAG-GTCCTAAG	Matched	8153402	2.2445905811101095
GTCCTAAG-TCGACAAG	Hopped	145	3.991777104342039e-05
GTCCTAAG-TCTTCGAC	Hopped	929	0.00025574902965060374
GTCCTAAG-ATCATGCG	Hopped	296	8.148731192312024e-05
GTCCTAAG-ATCGTGGT	Hopped	161	4.432249060683229e-05
GTCCTAAG-TCGAGAGT	Hopped	254	6.9924923069164e-05
GTCCTAAG-TCGGATTC	Hopped	214	5.891312416063423e-05
GTCCTAAG-GATCTTGC	Hopped	152	4.1844835852413096e-05
GTCCTAAG-AGAGTCCA	Hopped	260	7.157669290544345e-05
GTCCTAAG-AGGATAGC	Hopped	220	6.0564893996913694e-05
TCGACAAG-GTAGCGTA	Hopped	84	2.31247777079125e-05
TCGACAAG-CGATCGAT	Hopped	85	2.3400072680625745e-05
TCGACAAG-GATCAAGG	Hopped	105	2.8905972134890628e-05
TCGACAAG-AACAGCGA	Hopped	71	1.954594306264033e-05
TCGACAAG-TAGCCATG	Hopped	237	6.524490853303884e-05
TCGACAAG-CGGTAATC	Hopped	46	1.2663568744809228e-05
TCGACAAG-CTCTGGAT	Hopped	349	9.607794547692219e-05
TCGACAAG-TACCGGAT	Hopped	714	0.00019656061051725627
TCGACAAG-CTAGCTCA	Hopped	174	4.7901325252104466e-05
TCGACAAG-CACTTCAC	Hopped	27	7.43296426325759e-06
TCGACAAG-GCTACTCT	Hopped	77	2.1197712898919795e-05
TCGACAAG-ACGATCAG	Hopped	211	5.8087239242494496e-05
TCGACAAG-TATGGCAC	Hopped	135	3.716482131628795e-05
TCGACAAG-TGTTCCGT	Hopped	161	4.432249060683229e-05
TCGACAAG-GTCCTAAG	Hopped	196	5.3957814651795836e-05
TCGACAAG-TCGACAAG	Matched	3591960	0.9888485301870642
TCGACAAG-TCTTCGAC	Hopped	552	0.00015196282493771073
TCGACAAG-ATCATGCG	Hopped	7204	0.0019832249834262103
TCGACAAG-ATCGTGGT	Hopped	75	2.0647122953493304e-05
TCGACAAG-TCGAGAGT	Hopped	260	7.157669290544345e-05
TCGACAAG-TCGGATTC	Hopped	92	2.5327137489618455e-05
TCGACAAG-GATCTTGC	Hopped	49	1.3489453662948959e-05
TCGACAAG-AGAGTCCA	Hopped	110	3.0282446998456847e-05
TCGACAAG-AGGATAGC	Hopped	132	3.633893639814822e-05
TCTTCGAC-GTAGCGTA	Hopped	964	0.00026538435369556727
TCTTCGAC-CGATCGAT	Hopped	935	0.0002574007994868832
TCTTCGAC-GATCAAGG	Hopped	1643	0.00045230964016786
TCTTCGAC-AACAGCGA	Hopped	834	0.00022959600724284555
TCTTCGAC-TAGCCATG	Hopped	1344	0.0003699964433266
TCTTCGAC-CGGTAATC	Hopped	953	0.0002623561089957216
TCTTCGAC-CTCTGGAT	Hopped	4607	0.0012682839392899154
TCTTCGAC-TACCGGAT	Hopped	8537	0.0023501931820529647
TCTTCGAC-CTAGCTCA	Hopped	2120	0.0005836253421520774
TCTTCGAC-CACTTCAC	Hopped	788	0.00021693243849803633
TCTTCGAC-GCTACTCT	Hopped	856	0.00023565249664253692
TCTTCGAC-ACGATCAG	Hopped	1393	0.00038348589698954897
TCTTCGAC-TATGGCAC	Hopped	2219	0.0006108795444506886
TCTTCGAC-TGTTCCGT	Hopped	2261	0.0006224419333046449
TCTTCGAC-GTCCTAAG	Hopped	1042	0.00028685736156720034
TCTTCGAC-TCGACAAG	Hopped	796	0.00021913479827974228
TCTTCGAC-TCTTCGAC	Matched	39858260	10.972778599097389
TCTTCGAC-ATCATGCG	Hopped	1156	0.0003182409884565101
TCTTCGAC-ATCGTGGT	Hopped	4022	0.0011072363802526676
TCTTCGAC-TCGAGAGT	Hopped	2010	0.0005533428951536206
TCTTCGAC-TCGGATTC	Hopped	1276	0.0003512763851820994
TCTTCGAC-GATCTTGC	Hopped	797	0.00021941009325245552
TCTTCGAC-AGAGTCCA	Hopped	1206	0.00033200573709217236
TCTTCGAC-AGGATAGC	Hopped	1693	0.0004660743888035222
ATCATGCG-GTAGCGTA	Hopped	240	6.607079345117858e-05
ATCATGCG-CGATCGAT	Hopped	201	5.533428951536206e-05
ATCATGCG-GATCAAGG	Hopped	413	0.0001136968237305698
ATCATGCG-AACAGCGA	Hopped	408	0.00011232034886700359
ATCATGCG-TAGCCATG	Hopped	729	0.00020069003510795493
ATCATGCG-CGGTAATC	Hopped	157	4.322131071597932e-05
ATCATGCG-CTCTGGAT	Hopped	1022	0.0002813514621129354
ATCATGCG-TACCGGAT	Hopped	1852	0.000509846289464928
ATCATGCG-CTAGCTCA	Hopped	549	0.00015113694001957098
ATCATGCG-CACTTCAC	Hopped	136	3.7440116289001195e-05
ATCATGCG-GCTACTCT	Hopped	238	6.55202035057521e-05
ATCATGCG-ACGATCAG	Hopped	615	0.0001693064082186451
ATCATGCG-TATGGCAC	Hopped	631	0.00017371112778205702
ATCATGCG-TGTTCCGT	Hopped	487	0.00013406865171134986
ATCATGCG-GTCCTAAG	Hopped	484	0.00013324276679321014
ATCATGCG-TCGACAAG	Hopped	252	6.93743331237375e-05
ATCATGCG-TCTTCGAC	Hopped	1393	0.00038348589698954897
ATCATGCG-ATCATGCG	Matched	9193153	2.530828804283678
ATCATGCG-ATCGTGGT	Hopped	385	0.00010598856449459896
ATCATGCG-TCGAGAGT	Hopped	339	9.332499574978974e-05
ATCATGCG-TCGGATTC	Hopped	154	4.239542579783959e-05
ATCATGCG-GATCTTGC	Hopped	206	5.671076437892828e-05
ATCATGCG-AGAGTCCA	Hopped	454	0.00012498391761181282
ATCATGCG-AGGATAGC	Hopped	445	0.0001225062628573936
ATCGTGGT-GTAGCGTA	Hopped	179	4.927780011567069e-05
ATCGTGGT-CGATCGAT	Hopped	169	4.652485038853825e-05
ATCGTGGT-GATCAAGG	Hopped	520	0.0001431533858108869
ATCGTGGT-AACAGCGA	Hopped	151	4.1569540879699855e-05
ATCGTGGT-TAGCCATG	Hopped	177	4.87272101702442e-05
ATCGTGGT-CGGTAATC	Hopped	144	3.9642476070707146e-05
ATCGTGGT-CTCTGGAT	Hopped	954	0.00026263140396843486
ATCGTGGT-TACCGGAT	Hopped	1567	0.00043138722224165345
ATCGTGGT-CTAGCTCA	Hopped	310	8.534144154110566e-05
ATCGTGGT-CACTTCAC	Hopped	62	1.706828830822113e-05
ATCGTGGT-GCTACTCT	Hopped	188	5.1755454870089886e-05
ATCGTGGT-ACGATCAG	Hopped	234	6.44190236148991e-05
ATCGTGGT-TATGGCAC	Hopped	214	5.891312416063423e-05
ATCGTGGT-TGTTCCGT	Hopped	321	8.836968624095135e-05
ATCGTGGT-GTCCTAAG	Hopped	123	3.386128164372902e-05
ATCGTGGT-TCGACAAG	Hopped	85	2.3400072680625745e-05
ATCGTGGT-TCTTCGAC	Hopped	1079	0.00029704327555759034
ATCGTGGT-ATCATGCG	Hopped	219	6.028959902420045e-05
ATCGTGGT-ATCGTGGT	Matched	6142950	1.6911232526288227
ATCGTGGT-TCGAGAGT	Hopped	386	0.00010626385946731222
ATCGTGGT-TCGGATTC	Hopped	114	3.1383626889309825e-05
ATCGTGGT-GATCTTGC	Hopped	102	2.8080087216750896e-05
ATCGTGGT-AGAGTCCA	Hopped	235	6.469431858761236e-05
ATCGTGGT-AGGATAGC	Hopped	199	5.478369956993557e-05
TCGAGAGT-GTAGCGTA	Hopped	265	7.295316776900968e-05
TCGAGAGT-CGATCGAT	Hopped	266	7.322846274172292e-05
TCGAGAGT-GATCAAGG	Hopped	220	6.0564893996913694e-05
TCGAGAGT-AACAGCGA	Hopped	239	6.579549847846534e-05
TCGAGAGT-TAGCCATG	Hopped	291	8.011083705955403e-05
TCGAGAGT-CGGTAATC	Hopped	202	5.5609584488075305e-05
TCGAGAGT-CTCTGGAT	Hopped	1390	0.00038266001207140925
TCGAGAGT-TACCGGAT	Hopped	2697	0.0007424705414076192
TCGAGAGT-CTAGCTCA	Hopped	573	0.00015774401936468886
TCGAGAGT-CACTTCAC	Hopped	123	3.386128164372902e-05
TCGAGAGT-GCTACTCT	Hopped	493	0.00013572042154762933
TCGAGAGT-ACGATCAG	Hopped	500	0.00013764748635662204
TCGAGAGT-TATGGCAC	Hopped	346	9.525206055878245e-05
TCGAGAGT-TGTTCCGT	Hopped	739	0.00020344298483508736
TCGAGAGT-GTCCTAAG	Hopped	277	7.62567074415686e-05
TCGAGAGT-TCGACAAG	Hopped	196	5.3957814651795836e-05
TCGAGAGT-TCTTCGAC	Hopped	1459	0.0004016553651886231
TCGAGAGT-ATCATGCG	Hopped	268	7.377905268714942e-05
TCGAGAGT-ATCGTGGT	Hopped	369	0.00010158384493118706
TCGAGAGT-TCGAGAGT	Matched	10240249	2.819089069031825
TCGAGAGT-TCGGATTC	Hopped	282	7.763318230513482e-05
TCGAGAGT-GATCTTGC	Hopped	155	4.267072077055283e-05
TCGAGAGT-AGAGTCCA	Hopped	341	9.387558569521622e-05
TCGAGAGT-AGGATAGC	Hopped	360	9.910619017676787e-05
TCGGATTC-GTAGCGTA	Hopped	82	2.2574187762486014e-05
TCGGATTC-CGATCGAT	Hopped	199	5.478369956993557e-05
TCGGATTC-GATCAAGG	Hopped	90	2.4776547544191968e-05
TCGGATTC-AACAGCGA	Hopped	874	0.0002406078061513753
TCGGATTC-TAGCCATG	Hopped	120	3.303539672558929e-05
TCGGATTC-CGGTAATC	Hopped	139	3.826600120714092e-05
TCGGATTC-CTCTGGAT	Hopped	433	0.00011920272318483468
TCGGATTC-TACCGGAT	Hopped	809	0.00022271363292501446
TCGGATTC-CTAGCTCA	Hopped	236	6.49696135603256e-05
TCGGATTC-CACTTCAC	Hopped	82	2.2574187762486014e-05
TCGGATTC-GCTACTCT	Hopped	72	1.9821238035353573e-05
TCGGATTC-ACGATCAG	Hopped	163	4.487308055225878e-05
TCGGATTC-TATGGCAC	Hopped	281	7.735788733242158e-05
TCGGATTC-TGTTCCGT	Hopped	196	5.3957814651795836e-05
TCGGATTC-GTCCTAAG	Hopped	118	3.24848067801628e-05
TCGGATTC-TCGACAAG	Hopped	60	1.6517698362794644e-05
TCGGATTC-TCTTCGAC	Hopped	875	0.00024088310112408857
TCGGATTC-ATCATGCG	Hopped	117	3.220951180744955e-05
TCGGATTC-ATCGTGGT	Hopped	81	2.229889278977277e-05
TCGGATTC-TCGAGAGT	Hopped	162	4.459778557954554e-05
TCGGATTC-TCGGATTC	Matched	3995814	1.1000275060971987
TCGGATTC-GATCTTGC	Hopped	216	5.946371410606072e-05
TCGGATTC-AGAGTCCA	Hopped	147	4.046836098884688e-05
TCGGATTC-AGGATAGC	Hopped	211	5.8087239242494496e-05
GATCTTGC-GTAGCGTA	Hopped	137	3.7715411261714436e-05
GATCTTGC-CGATCGAT	Hopped	165	4.542367049768527e-05
GATCTTGC-GATCAAGG	Hopped	136	3.7440116289001195e-05
GATCTTGC-AACAGCGA	Hopped	148	4.074365596156012e-05
GATCTTGC-TAGCCATG	Hopped	93	2.56024324623317e-05
GATCTTGC-CGGTAATC	Hopped	106	2.918126710760387e-05
GATCTTGC-CTCTGGAT	Hopped	303	8.341437673211295e-05
GATCTTGC-TACCGGAT	Hopped	597	0.0001643510987098067
GATCTTGC-CTAGCTCA	Hopped	167	4.597426044311176e-05
GATCTTGC-CACTTCAC	Hopped	82	2.2574187762486014e-05
GATCTTGC-GCTACTCT	Hopped	99	2.7254202298611162e-05
GATCTTGC-ACGATCAG	Hopped	125	3.441187158915551e-05
GATCTTGC-TATGGCAC	Hopped	189	5.2030749842803126e-05
GATCTTGC-TGTTCCGT	Hopped	139	3.826600120714092e-05
GATCTTGC-GTCCTAAG	Hopped	129	3.5513051480008485e-05
GATCTTGC-TCGACAAG	Hopped	36	9.910619017676786e-06
GATCTTGC-TCTTCGAC	Hopped	530	0.00014590633553801936
GATCTTGC-ATCATGCG	Hopped	185	5.092956995195015e-05
GATCTTGC-ATCGTGGT	Hopped	60	1.6517698362794644e-05
GATCTTGC-TCGAGAGT	Hopped	116	3.193421683473631e-05
GATCTTGC-TCGGATTC	Hopped	66	1.816946819907411e-05
GATCTTGC-GATCTTGC	Matched	3359776	0.9249294422426123
GATCTTGC-AGAGTCCA	Hopped	144	3.9642476070707146e-05
GATCTTGC-AGGATAGC	Hopped	297	8.17626068958335e-05
AGAGTCCA-GTAGCGTA	Hopped	843	0.00023207366199726474
AGAGTCCA-CGATCGAT	Hopped	194	5.340722470636935e-05
AGAGTCCA-GATCAAGG	Hopped	178	4.900250514295745e-05
AGAGTCCA-AACAGCGA	Hopped	366	0.00010075796001304733
AGAGTCCA-TAGCCATG	Hopped	288	7.928495214141429e-05
AGAGTCCA-CGGTAATC	Hopped	166	4.5698965470398516e-05
AGAGTCCA-CTCTGGAT	Hopped	790	0.0002174830284434628
AGAGTCCA-TACCGGAT	Hopped	1848	0.0005087451095740751
AGAGTCCA-CTAGCTCA	Hopped	816	0.00022464069773400717
AGAGTCCA-CACTTCAC	Hopped	141	3.881659115256741e-05
AGAGTCCA-GCTACTCT	Hopped	255	7.020021804187724e-05
AGAGTCCA-ACGATCAG	Hopped	461	0.0001269109824208055
AGAGTCCA-TATGGCAC	Hopped	357	9.828030525862814e-05
AGAGTCCA-TGTTCCGT	Hopped	503	0.00013847337127476176
AGAGTCCA-GTCCTAAG	Hopped	248	6.827315323288453e-05
AGAGTCCA-TCGACAAG	Hopped	95	2.6153022407758187e-05
AGAGTCCA-TCTTCGAC	Hopped	1045	0.00028768324648534006
AGAGTCCA-ATCATGCG	Hopped	289	7.956024711412753e-05
AGAGTCCA-ATCGTGGT	Hopped	215	5.918841913334748e-05
AGAGTCCA-TCGAGAGT	Hopped	795	0.00021885950330702904
AGAGTCCA-TCGGATTC	Hopped	154	4.239542579783959e-05
AGAGTCCA-GATCTTGC	Hopped	125	3.441187158915551e-05
AGAGTCCA-AGAGTCCA	Matched	10054085	2.7678390557316366
AGAGTCCA-AGGATAGC	Hopped	386	0.00010626385946731222
AGGATAGC-GTAGCGTA	Hopped	842	0.0002317983670245515
AGGATAGC-CGATCGAT	Hopped	219	6.028959902420045e-05
AGGATAGC-GATCAAGG	Hopped	151	4.1569540879699855e-05
AGGATAGC-AACAGCGA	Hopped	247	6.799785826017129e-05
AGGATAGC-TAGCCATG	Hopped	253	6.964962809645076e-05
AGGATAGC-CGGTAATC	Hopped	228	6.276725377861965e-05
AGGATAGC-CTCTGGAT	Hopped	685	0.0001885770563085722
AGGATAGC-TACCGGAT	Hopped	1557	0.00042863427251452104
AGGATAGC-CTAGCTCA	Hopped	407	0.00011204505389429033
AGGATAGC-CACTTCAC	Hopped	306	8.424026165025269e-05
AGGATAGC-GCTACTCT	Hopped	303	8.341437673211295e-05
AGGATAGC-ACGATCAG	Hopped	385	0.00010598856449459896
AGGATAGC-TATGGCAC	Hopped	470	0.00012938863717522472
AGGATAGC-TGTTCCGT	Hopped	374	0.00010296031979475328
AGGATAGC-GTCCTAAG	Hopped	191	5.258133978822962e-05
AGGATAGC-TCGACAAG	Hopped	94	2.5877727435044943e-05
AGGATAGC-TCTTCGAC	Hopped	1515	0.0004170718836605648
AGGATAGC-ATCATGCG	Hopped	359	9.883089520405462e-05
AGGATAGC-ATCGTGGT	Hopped	181	4.9828390061097176e-05
AGGATAGC-TCGAGAGT	Hopped	333	9.167322591351027e-05
AGGATAGC-TCGGATTC	Hopped	266	7.322846274172292e-05
AGGATAGC-GATCTTGC	Hopped	414	0.00011397211870328304
AGGATAGC-AGAGTCCA	Hopped	407	0.00011204505389429033
AGGATAGC-AGGATAGC	Matched	7962612	2.19206705326615
Matched Reads	307993310
Hopped Reads	560894
Unknown Reads	54692531
