unknown	54692531
GTAGCGTA-GTAGCGTA	7540620
GTAGCGTA-CGATCGAT	152
GTAGCGTA-GATCAAGG	193
GTAGCGTA-AACAGCGA	256
GTAGCGTA-TAGCCATG	220
GTAGCGTA-CGGTAATC	116
GTAGCGTA-CTCTGGAT	658
GTAGCGTA-TACCGGAT	1412
GTAGCGTA-CTAGCTCA	607
GTAGCGTA-CACTTCAC	86
GTAGCGTA-GCTACTCT	1396
GTAGCGTA-ACGATCAG	689
GTAGCGTA-TATGGCAC	268
GTAGCGTA-TGTTCCGT	387
GTAGCGTA-GTCCTAAG	306
GTAGCGTA-TCGACAAG	89
GTAGCGTA-TCTTCGAC	914
GTAGCGTA-ATCATGCG	248
GTAGCGTA-ATCGTGGT	202
GTAGCGTA-TCGAGAGT	597
GTAGCGTA-TCGGATTC	114
GTAGCGTA-GATCTTGC	111
GTAGCGTA-AGAGTCCA	380
GTAGCGTA-AGGATAGC	223
CGATCGAT-GTAGCGTA	153
CGATCGAT-CGATCGAT	5174374
CGATCGAT-GATCAAGG	136
CGATCGAT-AACAGCGA	133
CGATCGAT-TAGCCATG	181
CGATCGAT-CGGTAATC	174
CGATCGAT-CTCTGGAT	1013
CGATCGAT-TACCGGAT	1650
CGATCGAT-CTAGCTCA	324
CGATCGAT-CACTTCAC	105
CGATCGAT-GCTACTCT	157
CGATCGAT-ACGATCAG	223
CGATCGAT-TATGGCAC	160
CGATCGAT-TGTTCCGT	384
CGATCGAT-GTCCTAAG	177
CGATCGAT-TCGACAAG	92
CGATCGAT-TCTTCGAC	903
CGATCGAT-ATCATGCG	154
CGATCGAT-ATCGTGGT	128
CGATCGAT-TCGAGAGT	232
CGATCGAT-TCGGATTC	92
CGATCGAT-GATCTTGC	101
CGATCGAT-AGAGTCCA	216
CGATCGAT-AGGATAGC	257
GATCAAGG-GTAGCGTA	211
GATCAAGG-CGATCGAT	160
GATCAAGG-GATCAAGG	6027807
GATCAAGG-AACAGCGA	150
GATCAAGG-TAGCCATG	277
GATCAAGG-CGGTAATC	89
GATCAAGG-CTCTGGAT	540
GATCAAGG-TACCGGAT	1179
GATCAAGG-CTAGCTCA	231
GATCAAGG-CACTTCAC	75
GATCAAGG-GCTACTCT	186
GATCAAGG-ACGATCAG	457
GATCAAGG-TATGGCAC	190
GATCAAGG-TGTTCCGT	264
GATCAAGG-GTCCTAAG	321
GATCAAGG-TCGACAAG	110
GATCAAGG-TCTTCGAC	16451
GATCAAGG-ATCATGCG	226
GATCAAGG-ATCGTGGT	333
GATCAAGG-TCGAGAGT	202
GATCAAGG-TCGGATTC	83
GATCAAGG-GATCTTGC	162
GATCAAGG-AGAGTCCA	209
GATCAAGG-AGGATAGC	182
AACAGCGA-GTAGCGTA	381
AACAGCGA-CGATCGAT	262
AACAGCGA-GATCAAGG	257
AACAGCGA-AACAGCGA	8350571
AACAGCGA-TAGCCATG	277
AACAGCGA-CGGTAATC	133
AACAGCGA-CTCTGGAT	938
AACAGCGA-TACCGGAT	1823
AACAGCGA-CTAGCTCA	482
AACAGCGA-CACTTCAC	136
AACAGCGA-GCTACTCT	182
AACAGCGA-ACGATCAG	407
AACAGCGA-TATGGCAC	344
AACAGCGA-TGTTCCGT	429
AACAGCGA-GTCCTAAG	265
AACAGCGA-TCGACAAG	100
AACAGCGA-TCTTCGAC	1712
AACAGCGA-ATCATGCG	497
AACAGCGA-ATCGTGGT	313
AACAGCGA-TCGAGAGT	320
AACAGCGA-TCGGATTC	308
AACAGCGA-GATCTTGC	524
AACAGCGA-AGAGTCCA	429
AACAGCGA-AGGATAGC	389
TAGCCATG-GTAGCGTA	223
TAGCCATG-CGATCGAT	128
TAGCCATG-GATCAAGG	277
TAGCCATG-AACAGCGA	195
TAGCCATG-TAGCCATG	9923332
TAGCCATG-CGGTAATC	134
TAGCCATG-CTCTGGAT	787
TAGCCATG-TACCGGAT	2006
TAGCCATG-CTAGCTCA	498
TAGCCATG-CACTTCAC	214
TAGCCATG-GCTACTCT	168
TAGCCATG-ACGATCAG	320
TAGCCATG-TATGGCAC	351
TAGCCATG-TGTTCCGT	425
TAGCCATG-GTCCTAAG	334
TAGCCATG-TCGACAAG	157
TAGCCATG-TCTTCGAC	1084
TAGCCATG-ATCATGCG	331
TAGCCATG-ATCGTGGT	155
TAGCCATG-TCGAGAGT	286
TAGCCATG-TCGGATTC	152
TAGCCATG-GATCTTGC	125
TAGCCATG-AGAGTCCA	302
TAGCCATG-AGGATAGC	243
CGGTAATC-GTAGCGTA	104
CGGTAATC-CGATCGAT	149
CGGTAATC-GATCAAGG	129
CGGTAATC-AACAGCGA	106
CGGTAATC-TAGCCATG	251
CGGTAATC-CGGTAATC	4624936
CGGTAATC-CTCTGGAT	485
CGGTAATC-TACCGGAT	6471
CGGTAATC-CTAGCTCA	236
CGGTAATC-CACTTCAC	165
CGGTAATC-GCTACTCT	103
CGGTAATC-ACGATCAG	129
CGGTAATC-TATGGCAC	194
CGGTAATC-TGTTCCGT	184
CGGTAATC-GTCCTAAG	93
CGGTAATC-TCGACAAG	57
CGGTAATC-TCTTCGAC	913
CGGTAATC-ATCATGCG	122
CGGTAATC-ATCGTGGT	305
CGGTAATC-TCGAGAGT	138
CGGTAATC-TCGGATTC	111
CGGTAATC-GATCTTGC	91
CGGTAATC-AGAGTCCA	136
CGGTAATC-AGGATAGC	231
CTCTGGAT-GTAGCGTA	848
CTCTGGAT-CGATCGAT	1712
CTCTGGAT-GATCAAGG	636
CTCTGGAT-AACAGCGA	766
CTCTGGAT-TAGCCATG	954
CTCTGGAT-CGGTAATC	696
CTCTGGAT-CTCTGGAT	32624150
CTCTGGAT-TACCGGAT	11070
CTCTGGAT-CTAGCTCA	2402
CTCTGGAT-CACTTCAC	551
CTCTGGAT-GCTACTCT	2143
CTCTGGAT-ACGATCAG	1017
CTCTGGAT-TATGGCAC	1298
CTCTGGAT-TGTTCCGT	1942
CTCTGGAT-GTCCTAAG	953
CTCTGGAT-TCGACAAG	447
CTCTGGAT-TCTTCGAC	4612
CTCTGGAT-ATCATGCG	916
CTCTGGAT-ATCGTGGT	869
CTCTGGAT-TCGAGAGT	1810
CTCTGGAT-TCGGATTC	614
CTCTGGAT-GATCTTGC	467
CTCTGGAT-AGAGTCCA	1591
CTCTGGAT-AGGATAGC	856
TACCGGAT-GTAGCGTA	1495
TACCGGAT-CGATCGAT	1618
TACCGGAT-GATCAAGG	1513
TACCGGAT-AACAGCGA	1612
TACCGGAT-TAGCCATG	3136
TACCGGAT-CGGTAATC	2366
TACCGGAT-CTCTGGAT	15385
TACCGGAT-TACCGGAT	72582728
TACCGGAT-CTAGCTCA	3457
TACCGGAT-CACTTCAC	1122
TACCGGAT-GCTACTCT	1379
TACCGGAT-ACGATCAG	2018
TACCGGAT-TATGGCAC	3259
TACCGGAT-TGTTCCGT	4107
TACCGGAT-GTCCTAAG	2081
TACCGGAT-TCGACAAG	875
TACCGGAT-TCTTCGAC	9922
TACCGGAT-ATCATGCG	1818
TACCGGAT-ATCGTGGT	2296
TACCGGAT-TCGAGAGT	3453
TACCGGAT-TCGGATTC	1255
TACCGGAT-GATCTTGC	949
TACCGGAT-AGAGTCCA	2018
TACCGGAT-AGGATAGC	1876
CTAGCTCA-GTAGCGTA	913
CTAGCTCA-CGATCGAT	433
CTAGCTCA-GATCAAGG	354
CTAGCTCA-AACAGCGA	456
CTAGCTCA-TAGCCATG	647
CTAGCTCA-CGGTAATC	331
CTAGCTCA-CTCTGGAT	3083
CTAGCTCA-TACCGGAT	3451
CTAGCTCA-CTAGCTCA	15984355
CTAGCTCA-CACTTCAC	263
CTAGCTCA-GCTACTCT	1520
CTAGCTCA-ACGATCAG	620
CTAGCTCA-TATGGCAC	665
CTAGCTCA-TGTTCCGT	736
CTAGCTCA-GTCCTAAG	514
CTAGCTCA-TCGACAAG	13533
CTAGCTCA-TCTTCGAC	1953
CTAGCTCA-ATCATGCG	1555
CTAGCTCA-ATCGTGGT	351
CTAGCTCA-TCGAGAGT	849
CTAGCTCA-TCGGATTC	312
CTAGCTCA-GATCTTGC	270
CTAGCTCA-AGAGTCCA	846
CTAGCTCA-AGGATAGC	485
CACTTCAC-GTAGCGTA	96
CACTTCAC-CGATCGAT	136
CACTTCAC-GATCAAGG	90
CACTTCAC-AACAGCGA	89
CACTTCAC-TAGCCATG	2875
CACTTCAC-CGGTAATC	184
CACTTCAC-CTCTGGAT	504
CACTTCAC-TACCGGAT	797
CACTTCAC-CTAGCTCA	275
CACTTCAC-CACTTCAC	3835591
CACTTCAC-GCTACTCT	79
CACTTCAC-ACGATCAG	303
CACTTCAC-TATGGCAC	260
CACTTCAC-TGTTCCGT	199
CACTTCAC-GTCCTAAG	91
CACTTCAC-TCGACAAG	57
CACTTCAC-TCTTCGAC	716
CACTTCAC-ATCATGCG	106
CACTTCAC-ATCGTGGT	78
CACTTCAC-TCGAGAGT	115
CACTTCAC-TCGGATTC	111
CACTTCAC-GATCTTGC	78
CACTTCAC-AGAGTCCA	127
CACTTCAC-AGGATAGC	171
GCTACTCT-GTAGCGTA	529
GCTACTCT-CGATCGAT	155
GCTACTCT-GATCAAGG	157
GCTACTCT-AACAGCGA	199
GCTACTCT-TAGCCATG	207
GCTACTCT-CGGTAATC	123
GCTACTCT-CTCTGGAT	826
GCTACTCT-TACCGGAT	1352
GCTACTCT-CTAGCTCA	474
GCTACTCT-CACTTCAC	73
GCTACTCT-GCTACTCT	6608304
GCTACTCT-ACGATCAG	279
GCTACTCT-TATGGCAC	231
GCTACTCT-TGTTCCGT	435
GCTACTCT-GTCCTAAG	238
GCTACTCT-TCGACAAG	70
GCTACTCT-TCTTCGAC	771
GCTACTCT-ATCATGCG	228
GCTACTCT-ATCGTGGT	159
GCTACTCT-TCGAGAGT	305
GCTACTCT-TCGGATTC	97
GCTACTCT-GATCTTGC	118
GCTACTCT-AGAGTCCA	347
GCTACTCT-AGGATAGC	190
ACGATCAG-GTAGCGTA	231
ACGATCAG-CGATCGAT	297
ACGATCAG-GATCAAGG	267
ACGATCAG-AACAGCGA	224
ACGATCAG-TAGCCATG	405
ACGATCAG-CGGTAATC	163
ACGATCAG-CTCTGGAT	779
ACGATCAG-TACCGGAT	1755
ACGATCAG-CTAGCTCA	455
ACGATCAG-CACTTCAC	148
ACGATCAG-GCTACTCT	247
ACGATCAG-ACGATCAG	7294927
ACGATCAG-TATGGCAC	334
ACGATCAG-TGTTCCGT	425
ACGATCAG-GTCCTAAG	382
ACGATCAG-TCGACAAG	265
ACGATCAG-TCTTCGAC	1003
ACGATCAG-ATCATGCG	324
ACGATCAG-ATCGTGGT	176
ACGATCAG-TCGAGAGT	376
ACGATCAG-TCGGATTC	129
ACGATCAG-GATCTTGC	129
ACGATCAG-AGAGTCCA	367
ACGATCAG-AGGATAGC	307
TATGGCAC-GTAGCGTA	278
TATGGCAC-CGATCGAT	217
TATGGCAC-GATCAAGG	265
TATGGCAC-AACAGCGA	566
TATGGCAC-TAGCCATG	461
TATGGCAC-CGGTAATC	285
TATGGCAC-CTCTGGAT	1252
TATGGCAC-TACCGGAT	3733
TATGGCAC-CTAGCTCA	628
TATGGCAC-CACTTCAC	383
TATGGCAC-GCTACTCT	254
TATGGCAC-ACGATCAG	439
TATGGCAC-TATGGCAC	10459569
TATGGCAC-TGTTCCGT	82329
TATGGCAC-GTCCTAAG	642
TATGGCAC-TCGACAAG	220
TATGGCAC-TCTTCGAC	3522
TATGGCAC-ATCATGCG	367
TATGGCAC-ATCGTGGT	239
TATGGCAC-TCGAGAGT	739
TATGGCAC-TCGGATTC	841
TATGGCAC-GATCTTGC	301
TATGGCAC-AGAGTCCA	379
TATGGCAC-AGGATAGC	543
TGTTCCGT-GTAGCGTA	414
TGTTCCGT-CGATCGAT	410
TGTTCCGT-GATCAAGG	279
TGTTCCGT-AACAGCGA	667
TGTTCCGT-TAGCCATG	458
TGTTCCGT-CGGTAATC	208
TGTTCCGT-CTCTGGAT	1475
TGTTCCGT-TACCGGAT	3595
TGTTCCGT-CTAGCTCA	774
TGTTCCGT-CACTTCAC	216
TGTTCCGT-GCTACTCT	365
TGTTCCGT-ACGATCAG	427
TGTTCCGT-TATGGCAC	78536
TGTTCCGT-TGTTCCGT	14409785
TGTTCCGT-GTCCTAAG	340
TGTTCCGT-TCGACAAG	179
TGTTCCGT-TCTTCGAC	1948
TGTTCCGT-ATCATGCG	550
TGTTCCGT-ATCGTGGT	367
TGTTCCGT-TCGAGAGT	738
TGTTCCGT-TCGGATTC	756
TGTTCCGT-GATCTTGC	260
TGTTCCGT-AGAGTCCA	623
TGTTCCGT-AGGATAGC	434
GTCCTAAG-GTAGCGTA	283
GTCCTAAG-CGATCGAT	192
GTCCTAAG-GATCAAGG	326
GTCCTAAG-AACAGCGA	366
GTCCTAAG-TAGCCATG	330
GTCCTAAG-CGGTAATC	111
GTCCTAAG-CTCTGGAT	783
GTCCTAAG-TACCGGAT	1772
GTCCTAAG-CTAGCTCA	407
GTCCTAAG-CACTTCAC	100
GTCCTAAG-GCTACTCT	211
GTCCTAAG-ACGATCAG	312
GTCCTAAG-TATGGCAC	6334
GTCCTAAG-TGTTCCGT	735
GTCCTAAG-GTCCTAAG	8153402
GTCCTAAG-TCGACAAG	145
GTCCTAAG-TCTTCGAC	929
GTCCTAAG-ATCATGCG	296
GTCCTAAG-ATCGTGGT	161
GTCCTAAG-TCGAGAGT	254
GTCCTAAG-TCGGATTC	214
GTCCTAAG-GATCTTGC	152
GTCCTAAG-AGAGTCCA	260
GTCCTAAG-AGGATAGC	220
TCGACAAG-GTAGCGTA	84
TCGACAAG-CGATCGAT	85
TCGACAAG-GATCAAGG	105
TCGACAAG-AACAGCGA	71
TCGACAAG-TAGCCATG	237
TCGACAAG-CGGTAATC	46
TCGACAAG-CTCTGGAT	349
TCGACAAG-TACCGGAT	714
TCGACAAG-CTAGCTCA	174
TCGACAAG-CACTTCAC	27
TCGACAAG-GCTACTCT	77
TCGACAAG-ACGATCAG	211
TCGACAAG-TATGGCAC	135
TCGACAAG-TGTTCCGT	161
TCGACAAG-GTCCTAAG	196
TCGACAAG-TCGACAAG	3591960
TCGACAAG-TCTTCGAC	552
TCGACAAG-ATCATGCG	7204
TCGACAAG-ATCGTGGT	75
TCGACAAG-TCGAGAGT	260
TCGACAAG-TCGGATTC	92
TCGACAAG-GATCTTGC	49
TCGACAAG-AGAGTCCA	110
TCGACAAG-AGGATAGC	132
TCTTCGAC-GTAGCGTA	964
TCTTCGAC-CGATCGAT	935
TCTTCGAC-GATCAAGG	1643
TCTTCGAC-AACAGCGA	834
TCTTCGAC-TAGCCATG	1344
TCTTCGAC-CGGTAATC	953
TCTTCGAC-CTCTGGAT	4607
TCTTCGAC-TACCGGAT	8537
TCTTCGAC-CTAGCTCA	2120
TCTTCGAC-CACTTCAC	788
TCTTCGAC-GCTACTCT	856
TCTTCGAC-ACGATCAG	1393
TCTTCGAC-TATGGCAC	2219
TCTTCGAC-TGTTCCGT	2261
TCTTCGAC-GTCCTAAG	1042
TCTTCGAC-TCGACAAG	796
TCTTCGAC-TCTTCGAC	39858260
TCTTCGAC-ATCATGCG	1156
TCTTCGAC-ATCGTGGT	4022
TCTTCGAC-TCGAGAGT	2010
TCTTCGAC-TCGGATTC	1276
TCTTCGAC-GATCTTGC	797
TCTTCGAC-AGAGTCCA	1206
TCTTCGAC-AGGATAGC	1693
ATCATGCG-GTAGCGTA	240
ATCATGCG-CGATCGAT	201
ATCATGCG-GATCAAGG	413
ATCATGCG-AACAGCGA	408
ATCATGCG-TAGCCATG	729
ATCATGCG-CGGTAATC	157
ATCATGCG-CTCTGGAT	1022
ATCATGCG-TACCGGAT	1852
ATCATGCG-CTAGCTCA	549
ATCATGCG-CACTTCAC	136
ATCATGCG-GCTACTCT	238
ATCATGCG-ACGATCAG	615
ATCATGCG-TATGGCAC	631
ATCATGCG-TGTTCCGT	487
ATCATGCG-GTCCTAAG	484
ATCATGCG-TCGACAAG	252
ATCATGCG-TCTTCGAC	1393
ATCATGCG-ATCATGCG	9193153
ATCATGCG-ATCGTGGT	385
ATCATGCG-TCGAGAGT	339
ATCATGCG-TCGGATTC	154
ATCATGCG-GATCTTGC	206
ATCATGCG-AGAGTCCA	454
ATCATGCG-AGGATAGC	445
ATCGTGGT-GTAGCGTA	179
ATCGTGGT-CGATCGAT	169
ATCGTGGT-GATCAAGG	520
ATCGTGGT-AACAGCGA	151
ATCGTGGT-TAGCCATG	177
ATCGTGGT-CGGTAATC	144
ATCGTGGT-CTCTGGAT	954
ATCGTGGT-TACCGGAT	1567
ATCGTGGT-CTAGCTCA	310
ATCGTGGT-CACTTCAC	62
ATCGTGGT-GCTACTCT	188
ATCGTGGT-ACGATCAG	234
ATCGTGGT-TATGGCAC	214
ATCGTGGT-TGTTCCGT	321
ATCGTGGT-GTCCTAAG	123
ATCGTGGT-TCGACAAG	85
ATCGTGGT-TCTTCGAC	1079
ATCGTGGT-ATCATGCG	219
ATCGTGGT-ATCGTGGT	6142950
ATCGTGGT-TCGAGAGT	386
ATCGTGGT-TCGGATTC	114
ATCGTGGT-GATCTTGC	102
ATCGTGGT-AGAGTCCA	235
ATCGTGGT-AGGATAGC	199
TCGAGAGT-GTAGCGTA	265
TCGAGAGT-CGATCGAT	266
TCGAGAGT-GATCAAGG	220
TCGAGAGT-AACAGCGA	239
TCGAGAGT-TAGCCATG	291
TCGAGAGT-CGGTAATC	202
TCGAGAGT-CTCTGGAT	1390
TCGAGAGT-TACCGGAT	2697
TCGAGAGT-CTAGCTCA	573
TCGAGAGT-CACTTCAC	123
TCGAGAGT-GCTACTCT	493
TCGAGAGT-ACGATCAG	500
TCGAGAGT-TATGGCAC	346
TCGAGAGT-TGTTCCGT	739
TCGAGAGT-GTCCTAAG	277
TCGAGAGT-TCGACAAG	196
TCGAGAGT-TCTTCGAC	1459
TCGAGAGT-ATCATGCG	268
TCGAGAGT-ATCGTGGT	369
TCGAGAGT-TCGAGAGT	10240249
TCGAGAGT-TCGGATTC	282
TCGAGAGT-GATCTTGC	155
TCGAGAGT-AGAGTCCA	341
TCGAGAGT-AGGATAGC	360
TCGGATTC-GTAGCGTA	82
TCGGATTC-CGATCGAT	199
TCGGATTC-GATCAAGG	90
TCGGATTC-AACAGCGA	874
TCGGATTC-TAGCCATG	120
TCGGATTC-CGGTAATC	139
TCGGATTC-CTCTGGAT	433
TCGGATTC-TACCGGAT	809
TCGGATTC-CTAGCTCA	236
TCGGATTC-CACTTCAC	82
TCGGATTC-GCTACTCT	72
TCGGATTC-ACGATCAG	163
TCGGATTC-TATGGCAC	281
TCGGATTC-TGTTCCGT	196
TCGGATTC-GTCCTAAG	118
TCGGATTC-TCGACAAG	60
TCGGATTC-TCTTCGAC	875
TCGGATTC-ATCATGCG	117
TCGGATTC-ATCGTGGT	81
TCGGATTC-TCGAGAGT	162
TCGGATTC-TCGGATTC	3995814
TCGGATTC-GATCTTGC	216
TCGGATTC-AGAGTCCA	147
TCGGATTC-AGGATAGC	211
GATCTTGC-GTAGCGTA	137
GATCTTGC-CGATCGAT	165
GATCTTGC-GATCAAGG	136
GATCTTGC-AACAGCGA	148
GATCTTGC-TAGCCATG	93
GATCTTGC-CGGTAATC	106
GATCTTGC-CTCTGGAT	303
GATCTTGC-TACCGGAT	597
GATCTTGC-CTAGCTCA	167
GATCTTGC-CACTTCAC	82
GATCTTGC-GCTACTCT	99
GATCTTGC-ACGATCAG	125
GATCTTGC-TATGGCAC	189
GATCTTGC-TGTTCCGT	139
GATCTTGC-GTCCTAAG	129
GATCTTGC-TCGACAAG	36
GATCTTGC-TCTTCGAC	530
GATCTTGC-ATCATGCG	185
GATCTTGC-ATCGTGGT	60
GATCTTGC-TCGAGAGT	116
GATCTTGC-TCGGATTC	66
GATCTTGC-GATCTTGC	3359776
GATCTTGC-AGAGTCCA	144
GATCTTGC-AGGATAGC	297
AGAGTCCA-GTAGCGTA	843
AGAGTCCA-CGATCGAT	194
AGAGTCCA-GATCAAGG	178
AGAGTCCA-AACAGCGA	366
AGAGTCCA-TAGCCATG	288
AGAGTCCA-CGGTAATC	166
AGAGTCCA-CTCTGGAT	790
AGAGTCCA-TACCGGAT	1848
AGAGTCCA-CTAGCTCA	816
AGAGTCCA-CACTTCAC	141
AGAGTCCA-GCTACTCT	255
AGAGTCCA-ACGATCAG	461
AGAGTCCA-TATGGCAC	357
AGAGTCCA-TGTTCCGT	503
AGAGTCCA-GTCCTAAG	248
AGAGTCCA-TCGACAAG	95
AGAGTCCA-TCTTCGAC	1045
AGAGTCCA-ATCATGCG	289
AGAGTCCA-ATCGTGGT	215
AGAGTCCA-TCGAGAGT	795
AGAGTCCA-TCGGATTC	154
AGAGTCCA-GATCTTGC	125
AGAGTCCA-AGAGTCCA	10054085
AGAGTCCA-AGGATAGC	386
AGGATAGC-GTAGCGTA	842
AGGATAGC-CGATCGAT	219
AGGATAGC-GATCAAGG	151
AGGATAGC-AACAGCGA	247
AGGATAGC-TAGCCATG	253
AGGATAGC-CGGTAATC	228
AGGATAGC-CTCTGGAT	685
AGGATAGC-TACCGGAT	1557
AGGATAGC-CTAGCTCA	407
AGGATAGC-CACTTCAC	306
AGGATAGC-GCTACTCT	303
AGGATAGC-ACGATCAG	385
AGGATAGC-TATGGCAC	470
AGGATAGC-TGTTCCGT	374
AGGATAGC-GTCCTAAG	191
AGGATAGC-TCGACAAG	94
AGGATAGC-TCTTCGAC	1515
AGGATAGC-ATCATGCG	359
AGGATAGC-ATCGTGGT	181
AGGATAGC-TCGAGAGT	333
AGGATAGC-TCGGATTC	266
AGGATAGC-GATCTTGC	414
AGGATAGC-AGAGTCCA	407
AGGATAGC-AGGATAGC	7962612
Matched Reads	307993310
Hopped Reads	560894
Unknown Reads	54692531
